{
  "total_samples": 1227,
  "correct": 729,
  "incorrect": 498,
  "accuracy": 0.5941320293398533,
  "gt_distribution": {
    "3": 189,
    "2": 254,
    "1": 658,
    "4": 126
  },
  "prediction_distribution": {
    "4": 134,
    "2": 273,
    "1": 608,
    "3": 212
  },
  "per_country": {
    "Netherlands": {
      "total": 25,
      "correct": 11,
      "accuracy": 0.44
    },
    "South Korea": {
      "total": 41,
      "correct": 21,
      "accuracy": 0.5121951219512195
    },
    "Nigeria": {
      "total": 22,
      "correct": 14,
      "accuracy": 0.6363636363636364
    },
    "Spain": {
      "total": 40,
      "correct": 26,
      "accuracy": 0.65
    },
    "Morocco": {
      "total": 17,
      "correct": 12,
      "accuracy": 0.7058823529411765
    },
    "India": {
      "total": 46,
      "correct": 28,
      "accuracy": 0.6086956521739131
    },
    "United Kingdom": {
      "total": 25,
      "correct": 14,
      "accuracy": 0.56
    },
    "Vietnam": {
      "total": 27,
      "correct": 14,
      "accuracy": 0.5185185185185185
    },
    "Malaysia": {
      "total": 11,
      "correct": 8,
      "accuracy": 0.7272727272727273
    },
    "Chile": {
      "total": 22,
      "correct": 14,
      "accuracy": 0.6363636363636364
    },
    "Zimbabwe": {
      "total": 17,
      "correct": 13,
      "accuracy": 0.7647058823529411
    },
    "Egypt": {
      "total": 20,
      "correct": 12,
      "accuracy": 0.6
    },
    "Japan": {
      "total": 53,
      "correct": 36,
      "accuracy": 0.6792452830188679
    },
    "Iran": {
      "total": 37,
      "correct": 20,
      "accuracy": 0.5405405405405406
    },
    "Philippines": {
      "total": 45,
      "correct": 24,
      "accuracy": 0.5333333333333333
    },
    "Israel": {
      "total": 13,
      "correct": 7,
      "accuracy": 0.5384615384615384
    },
    "Bangladesh": {
      "total": 25,
      "correct": 14,
      "accuracy": 0.56
    },
    "Lebanon": {
      "total": 22,
      "correct": 10,
      "accuracy": 0.45454545454545453
    },
    "Ukraine": {
      "total": 21,
      "correct": 15,
      "accuracy": 0.7142857142857143
    },
    "United States": {
      "total": 20,
      "correct": 14,
      "accuracy": 0.7
    },
    "Czech Republic": {
      "total": 25,
      "correct": 10,
      "accuracy": 0.4
    },
    "Italy": {
      "total": 36,
      "correct": 19,
      "accuracy": 0.5277777777777778
    },
    "Indonesia": {
      "total": 26,
      "correct": 16,
      "accuracy": 0.6153846153846154
    },
    "France": {
      "total": 14,
      "correct": 9,
      "accuracy": 0.6428571428571429
    },
    "Mexico": {
      "total": 49,
      "correct": 28,
      "accuracy": 0.5714285714285714
    },
    "Saudi Arabia": {
      "total": 17,
      "correct": 9,
      "accuracy": 0.5294117647058824
    },
    "Nepal": {
      "total": 21,
      "correct": 13,
      "accuracy": 0.6190476190476191
    },
    "Romania": {
      "total": 15,
      "correct": 6,
      "accuracy": 0.4
    },
    "Germany": {
      "total": 32,
      "correct": 18,
      "accuracy": 0.5625
    },
    "Pakistan": {
      "total": 14,
      "correct": 10,
      "accuracy": 0.7142857142857143
    },
    "Brazil": {
      "total": 25,
      "correct": 13,
      "accuracy": 0.52
    },
    "Russia": {
      "total": 30,
      "correct": 14,
      "accuracy": 0.4666666666666667
    },
    "Taiwan": {
      "total": 22,
      "correct": 12,
      "accuracy": 0.5454545454545454
    },
    "Hong Kong": {
      "total": 36,
      "correct": 23,
      "accuracy": 0.6388888888888888
    },
    "Peru": {
      "total": 19,
      "correct": 11,
      "accuracy": 0.5789473684210527
    },
    "Singapore": {
      "total": 23,
      "correct": 16,
      "accuracy": 0.6956521739130435
    },
    "Turkey": {
      "total": 38,
      "correct": 28,
      "accuracy": 0.7368421052631579
    },
    "New Zealand": {
      "total": 11,
      "correct": 7,
      "accuracy": 0.6363636363636364
    },
    "Poland": {
      "total": 24,
      "correct": 14,
      "accuracy": 0.5833333333333334
    },
    "Argentina": {
      "total": 35,
      "correct": 16,
      "accuracy": 0.45714285714285713
    },
    "China": {
      "total": 59,
      "correct": 34,
      "accuracy": 0.576271186440678
    },
    "South Africa": {
      "total": 58,
      "correct": 44,
      "accuracy": 0.7586206896551724
    },
    "Thailand": {
      "total": 27,
      "correct": 19,
      "accuracy": 0.7037037037037037
    },
    "Australia": {
      "total": 15,
      "correct": 9,
      "accuracy": 0.6
    },
    "Canada": {
      "total": 7,
      "correct": 4,
      "accuracy": 0.5714285714285714
    }
  },
  "method": "OG-MAR",
  "model": "qwen",
  "dataset": "CulturalBench",
  "num_personas": 5,
  "num_triples": 5,
  "temperature": 0.0,
  "prompt_source": "Appendix E, Tables 8-9 (OG-MAR paper, Seo et al. 2026)",
  "framework": "Ontology-Guided Multi-Agent Reasoning",
  "persona_full_agreement": 0
}