{
  "total_samples": 1227,
  "correct": 791,
  "incorrect": 436,
  "accuracy": 0.6446617766911166,
  "gt_distribution": {
    "3": 189,
    "2": 254,
    "1": 658,
    "4": 126
  },
  "prediction_distribution": {
    "4": 108,
    "2": 251,
    "1": 632,
    "3": 236
  },
  "per_country": {
    "Netherlands": {
      "total": 25,
      "correct": 11,
      "accuracy": 0.44
    },
    "South Korea": {
      "total": 41,
      "correct": 22,
      "accuracy": 0.5365853658536586
    },
    "Nigeria": {
      "total": 22,
      "correct": 15,
      "accuracy": 0.6818181818181818
    },
    "Spain": {
      "total": 40,
      "correct": 30,
      "accuracy": 0.75
    },
    "Morocco": {
      "total": 17,
      "correct": 11,
      "accuracy": 0.6470588235294118
    },
    "India": {
      "total": 46,
      "correct": 31,
      "accuracy": 0.6739130434782609
    },
    "United Kingdom": {
      "total": 25,
      "correct": 15,
      "accuracy": 0.6
    },
    "Vietnam": {
      "total": 27,
      "correct": 12,
      "accuracy": 0.4444444444444444
    },
    "Malaysia": {
      "total": 11,
      "correct": 7,
      "accuracy": 0.6363636363636364
    },
    "Chile": {
      "total": 22,
      "correct": 14,
      "accuracy": 0.6363636363636364
    },
    "Zimbabwe": {
      "total": 17,
      "correct": 14,
      "accuracy": 0.8235294117647058
    },
    "Egypt": {
      "total": 20,
      "correct": 12,
      "accuracy": 0.6
    },
    "Japan": {
      "total": 53,
      "correct": 38,
      "accuracy": 0.7169811320754716
    },
    "Iran": {
      "total": 37,
      "correct": 19,
      "accuracy": 0.5135135135135135
    },
    "Philippines": {
      "total": 45,
      "correct": 24,
      "accuracy": 0.5333333333333333
    },
    "Israel": {
      "total": 13,
      "correct": 8,
      "accuracy": 0.6153846153846154
    },
    "Bangladesh": {
      "total": 25,
      "correct": 17,
      "accuracy": 0.68
    },
    "Lebanon": {
      "total": 22,
      "correct": 8,
      "accuracy": 0.36363636363636365
    },
    "Ukraine": {
      "total": 21,
      "correct": 16,
      "accuracy": 0.7619047619047619
    },
    "United States": {
      "total": 20,
      "correct": 16,
      "accuracy": 0.8
    },
    "Czech Republic": {
      "total": 25,
      "correct": 14,
      "accuracy": 0.56
    },
    "Italy": {
      "total": 36,
      "correct": 22,
      "accuracy": 0.6111111111111112
    },
    "Indonesia": {
      "total": 26,
      "correct": 19,
      "accuracy": 0.7307692307692307
    },
    "France": {
      "total": 14,
      "correct": 10,
      "accuracy": 0.7142857142857143
    },
    "Mexico": {
      "total": 49,
      "correct": 35,
      "accuracy": 0.7142857142857143
    },
    "Saudi Arabia": {
      "total": 17,
      "correct": 12,
      "accuracy": 0.7058823529411765
    },
    "Nepal": {
      "total": 21,
      "correct": 19,
      "accuracy": 0.9047619047619048
    },
    "Romania": {
      "total": 15,
      "correct": 7,
      "accuracy": 0.4666666666666667
    },
    "Germany": {
      "total": 32,
      "correct": 21,
      "accuracy": 0.65625
    },
    "Pakistan": {
      "total": 14,
      "correct": 9,
      "accuracy": 0.6428571428571429
    },
    "Brazil": {
      "total": 25,
      "correct": 16,
      "accuracy": 0.64
    },
    "Russia": {
      "total": 30,
      "correct": 13,
      "accuracy": 0.43333333333333335
    },
    "Taiwan": {
      "total": 22,
      "correct": 12,
      "accuracy": 0.5454545454545454
    },
    "Hong Kong": {
      "total": 36,
      "correct": 25,
      "accuracy": 0.6944444444444444
    },
    "Peru": {
      "total": 19,
      "correct": 12,
      "accuracy": 0.631578947368421
    },
    "Singapore": {
      "total": 23,
      "correct": 16,
      "accuracy": 0.6956521739130435
    },
    "Turkey": {
      "total": 38,
      "correct": 28,
      "accuracy": 0.7368421052631579
    },
    "New Zealand": {
      "total": 11,
      "correct": 8,
      "accuracy": 0.7272727272727273
    },
    "Poland": {
      "total": 24,
      "correct": 19,
      "accuracy": 0.7916666666666666
    },
    "Argentina": {
      "total": 35,
      "correct": 20,
      "accuracy": 0.5714285714285714
    },
    "China": {
      "total": 59,
      "correct": 32,
      "accuracy": 0.5423728813559322
    },
    "South Africa": {
      "total": 58,
      "correct": 45,
      "accuracy": 0.7758620689655172
    },
    "Thailand": {
      "total": 27,
      "correct": 21,
      "accuracy": 0.7777777777777778
    },
    "Australia": {
      "total": 15,
      "correct": 11,
      "accuracy": 0.7333333333333333
    },
    "Canada": {
      "total": 7,
      "correct": 5,
      "accuracy": 0.7142857142857143
    }
  },
  "method": "OG-MAR",
  "model": "qwen",
  "dataset": "CulturalBench",
  "num_personas": 5,
  "num_triples": 5,
  "temperature": 0.0,
  "prompt_source": "Appendix E, Tables 8-9 (OG-MAR paper, Seo et al. 2026)",
  "framework": "Ontology-Guided Multi-Agent Reasoning",
  "persona_full_agreement": 910
}