{
  "total_samples": 2633,
  "correct": 1172,
  "incorrect": 1461,
  "accuracy": 0.4451196353968857,
  "gt_distribution": {
    "1": 943,
    "2": 875,
    "3": 815
  },
  "prediction_distribution": {
    "1": 1787,
    "2": 769,
    "3": 77
  },
  "per_country": {
    "afghanistan": {
      "total": 41,
      "correct": 15,
      "accuracy": 0.36585365853658536
    },
    "argentina": {
      "total": 33,
      "correct": 19,
      "accuracy": 0.5757575757575758
    },
    "australia": {
      "total": 25,
      "correct": 12,
      "accuracy": 0.48
    },
    "austria": {
      "total": 33,
      "correct": 19,
      "accuracy": 0.5757575757575758
    },
    "bangladesh": {
      "total": 33,
      "correct": 17,
      "accuracy": 0.5151515151515151
    },
    "bosnia_and_herzegovina": {
      "total": 34,
      "correct": 12,
      "accuracy": 0.35294117647058826
    },
    "brazil": {
      "total": 32,
      "correct": 18,
      "accuracy": 0.5625
    },
    "cambodia": {
      "total": 36,
      "correct": 15,
      "accuracy": 0.4166666666666667
    },
    "canada": {
      "total": 32,
      "correct": 19,
      "accuracy": 0.59375
    },
    "chile": {
      "total": 35,
      "correct": 17,
      "accuracy": 0.4857142857142857
    },
    "china": {
      "total": 36,
      "correct": 13,
      "accuracy": 0.3611111111111111
    },
    "colombia": {
      "total": 32,
      "correct": 16,
      "accuracy": 0.5
    },
    "croatia": {
      "total": 35,
      "correct": 18,
      "accuracy": 0.5142857142857142
    },
    "cyprus": {
      "total": 35,
      "correct": 17,
      "accuracy": 0.4857142857142857
    },
    "egypt": {
      "total": 35,
      "correct": 15,
      "accuracy": 0.42857142857142855
    },
    "ethiopia": {
      "total": 45,
      "correct": 20,
      "accuracy": 0.4444444444444444
    },
    "fiji": {
      "total": 21,
      "correct": 9,
      "accuracy": 0.42857142857142855
    },
    "france": {
      "total": 34,
      "correct": 20,
      "accuracy": 0.5882352941176471
    },
    "germany": {
      "total": 43,
      "correct": 19,
      "accuracy": 0.4418604651162791
    },
    "greece": {
      "total": 34,
      "correct": 16,
      "accuracy": 0.47058823529411764
    },
    "hong_kong": {
      "total": 35,
      "correct": 17,
      "accuracy": 0.4857142857142857
    },
    "hungary": {
      "total": 36,
      "correct": 12,
      "accuracy": 0.3333333333333333
    },
    "india": {
      "total": 29,
      "correct": 9,
      "accuracy": 0.3103448275862069
    },
    "indonesia": {
      "total": 26,
      "correct": 12,
      "accuracy": 0.46153846153846156
    },
    "iran": {
      "total": 44,
      "correct": 20,
      "accuracy": 0.45454545454545453
    },
    "iraq": {
      "total": 34,
      "correct": 17,
      "accuracy": 0.5
    },
    "ireland": {
      "total": 41,
      "correct": 23,
      "accuracy": 0.5609756097560976
    },
    "israel": {
      "total": 42,
      "correct": 20,
      "accuracy": 0.47619047619047616
    },
    "italy": {
      "total": 34,
      "correct": 17,
      "accuracy": 0.5
    },
    "japan": {
      "total": 35,
      "correct": 11,
      "accuracy": 0.3142857142857143
    },
    "kenya": {
      "total": 33,
      "correct": 19,
      "accuracy": 0.5757575757575758
    },
    "laos": {
      "total": 33,
      "correct": 12,
      "accuracy": 0.36363636363636365
    },
    "lebanon": {
      "total": 26,
      "correct": 10,
      "accuracy": 0.38461538461538464
    },
    "malaysia": {
      "total": 34,
      "correct": 14,
      "accuracy": 0.4117647058823529
    },
    "malta": {
      "total": 36,
      "correct": 13,
      "accuracy": 0.3611111111111111
    },
    "mauritius": {
      "total": 40,
      "correct": 19,
      "accuracy": 0.475
    },
    "mexico": {
      "total": 34,
      "correct": 21,
      "accuracy": 0.6176470588235294
    },
    "myanmar": {
      "total": 45,
      "correct": 16,
      "accuracy": 0.35555555555555557
    },
    "nepal": {
      "total": 37,
      "correct": 13,
      "accuracy": 0.35135135135135137
    },
    "netherlands": {
      "total": 36,
      "correct": 21,
      "accuracy": 0.5833333333333334
    },
    "new_zealand": {
      "total": 42,
      "correct": 22,
      "accuracy": 0.5238095238095238
    },
    "north_macedonia": {
      "total": 34,
      "correct": 13,
      "accuracy": 0.38235294117647056
    },
    "pakistan": {
      "total": 35,
      "correct": 16,
      "accuracy": 0.45714285714285713
    },
    "palestinian_territories": {
      "total": 34,
      "correct": 16,
      "accuracy": 0.47058823529411764
    },
    "papua_new_guinea": {
      "total": 34,
      "correct": 15,
      "accuracy": 0.4411764705882353
    },
    "peru": {
      "total": 32,
      "correct": 15,
      "accuracy": 0.46875
    },
    "philippines": {
      "total": 32,
      "correct": 14,
      "accuracy": 0.4375
    },
    "poland": {
      "total": 35,
      "correct": 13,
      "accuracy": 0.37142857142857144
    },
    "portugal": {
      "total": 45,
      "correct": 19,
      "accuracy": 0.4222222222222222
    },
    "romania": {
      "total": 36,
      "correct": 21,
      "accuracy": 0.5833333333333334
    },
    "russia": {
      "total": 35,
      "correct": 16,
      "accuracy": 0.45714285714285713
    },
    "samoa": {
      "total": 36,
      "correct": 12,
      "accuracy": 0.3333333333333333
    },
    "saudi_arabia": {
      "total": 44,
      "correct": 13,
      "accuracy": 0.29545454545454547
    },
    "serbia": {
      "total": 39,
      "correct": 20,
      "accuracy": 0.5128205128205128
    },
    "singapore": {
      "total": 31,
      "correct": 13,
      "accuracy": 0.41935483870967744
    },
    "somalia": {
      "total": 45,
      "correct": 19,
      "accuracy": 0.4222222222222222
    },
    "south_africa": {
      "total": 36,
      "correct": 14,
      "accuracy": 0.3888888888888889
    },
    "south_korea": {
      "total": 27,
      "correct": 7,
      "accuracy": 0.25925925925925924
    },
    "south_sudan": {
      "total": 27,
      "correct": 10,
      "accuracy": 0.37037037037037035
    },
    "spain": {
      "total": 34,
      "correct": 17,
      "accuracy": 0.5
    },
    "sri_lanka": {
      "total": 35,
      "correct": 18,
      "accuracy": 0.5142857142857142
    },
    "sudan": {
      "total": 48,
      "correct": 18,
      "accuracy": 0.375
    },
    "sweden": {
      "total": 34,
      "correct": 18,
      "accuracy": 0.5294117647058824
    },
    "syria": {
      "total": 18,
      "correct": 7,
      "accuracy": 0.3888888888888889
    },
    "taiwan": {
      "total": 32,
      "correct": 14,
      "accuracy": 0.4375
    },
    "thailand": {
      "total": 39,
      "correct": 13,
      "accuracy": 0.3333333333333333
    },
    "timor-leste": {
      "total": 36,
      "correct": 12,
      "accuracy": 0.3333333333333333
    },
    "tonga": {
      "total": 35,
      "correct": 13,
      "accuracy": 0.37142857142857144
    },
    "türkiye": {
      "total": 35,
      "correct": 15,
      "accuracy": 0.42857142857142855
    },
    "ukraine": {
      "total": 41,
      "correct": 20,
      "accuracy": 0.4878048780487805
    },
    "united_kingdom": {
      "total": 27,
      "correct": 11,
      "accuracy": 0.4074074074074074
    },
    "united_states_of_america": {
      "total": 42,
      "correct": 18,
      "accuracy": 0.42857142857142855
    },
    "venezuela": {
      "total": 34,
      "correct": 15,
      "accuracy": 0.4411764705882353
    },
    "vietnam": {
      "total": 36,
      "correct": 14,
      "accuracy": 0.3888888888888889
    },
    "zimbabwe": {
      "total": 34,
      "correct": 19,
      "accuracy": 0.5588235294117647
    }
  },
  "method": "MACD",
  "model": "qwen",
  "dataset_type": "normad",
  "num_agents": 5,
  "num_rounds": 2,